# id,alpha
1,0.31859
2,0.29873
3,0.36499
4,0.34467
5,0.35643
6,0.33652
7,0.39326
8,0.31781
9,0.30328
10,0.31059
11,0.36889
12,0.34452
13,0.36672
14,0.34592
15,0.32217
16,0.37900
17,1.97929
18,2.58659
19,2.44488
20,2.24527
